<?xml version="1.0" encoding="UTF-8"?>
<!DOCTYPE generatorConfiguration
        PUBLIC "-//mybatis.org//DTD MyBatis Generator Configuration 1.0//EN"
        "http://mybatis.org/dtd/mybatis-generator-config_1_0.dtd">
<generatorConfiguration>
    <!-- 配置驱动 E:\java_mysql\mysql-connector-java-commercial-5.1.25-bin.jar-->
    <classPathEntry location="G:\mavenAddress\mysql\mysql-connector-java\5.1.17\mysql-connector-java-5.1.17.jar"/>
    <context id="context1" >
        <commentGenerator>
            <!-- 不希望生成的注释中包含时间戳 -->
            <property name="suppressDate" value="true"/>
            <!-- 是否去除自动生成的注释 true：是 ： false:否 -->
            <property name="suppressAllComments" value="true"/>
        </commentGenerator>

        <jdbcConnection driverClass="com.mysql.jdbc.Driver" connectionURL="jdbc:mysql://localhost:3306/warehouse" userId="root" password="123456" />
        <!-- 生成实体类 实体bean文件 -->
        <javaModelGenerator targetPackage="com.third.pojo" targetProject="src/main/java/" />
        <!-- mapper xml文件 -->
        <sqlMapGenerator targetPackage="mapper" targetProject="src/main/resources/mybatis" />
        <!-- mapper 接口文件 -->
        <javaClientGenerator targetPackage="com.third.dao" targetProject="src/main/java/" type="XMLMAPPER" />

        <table tableName="allot" domainObjectName="Allot"
               enableCountByExample="false" enableDeleteByExample="false" enableSelectByExample="false"
               enableUpdateByExample="false" selectByExampleQueryId="false"></table>

        <table tableName="breakage" domainObjectName="Breakage"
               enableCountByExample="false" enableDeleteByExample="false" enableSelectByExample="false"
               enableUpdateByExample="false" selectByExampleQueryId="false"></table>

        <table tableName="client" domainObjectName="Client"
               enableCountByExample="false" enableDeleteByExample="false" enableSelectByExample="false"
               enableUpdateByExample="false" selectByExampleQueryId="false"></table>

        <table tableName="clireturn" domainObjectName="Clireturn"
               enableCountByExample="false" enableDeleteByExample="false" enableSelectByExample="false"
               enableUpdateByExample="false" selectByExampleQueryId="false"></table>

        <table tableName="inreturn" domainObjectName="Inreturn"
               enableCountByExample="false" enableDeleteByExample="false" enableSelectByExample="false"
               enableUpdateByExample="false" selectByExampleQueryId="false"></table>


        <table tableName="instorage" domainObjectName="Instorage"
               enableCountByExample="false" enableDeleteByExample="false" enableSelectByExample="false"
               enableUpdateByExample="false" selectByExampleQueryId="false"></table>

        <table tableName="outstorage" domainObjectName="Outstorage"
               enableCountByExample="false" enableDeleteByExample="false" enableSelectByExample="false"
               enableUpdateByExample="false" selectByExampleQueryId="false"></table>

        <table tableName="product_table" domainObjectName="Product_table"
               enableCountByExample="false" enableDeleteByExample="false" enableSelectByExample="false"
               enableUpdateByExample="false" selectByExampleQueryId="false"></table>

        <table tableName="provider" domainObjectName="Provider"
               enableCountByExample="false" enableDeleteByExample="false" enableSelectByExample="false"
               enableUpdateByExample="false" selectByExampleQueryId="false"></table>

        <table tableName="role" domainObjectName="Role"
               enableCountByExample="false" enableDeleteByExample="false" enableSelectByExample="false"
               enableUpdateByExample="false" selectByExampleQueryId="false"></table>

        <table tableName="user" domainObjectName="User"
               enableCountByExample="false" enableDeleteByExample="false" enableSelectByExample="false"
               enableUpdateByExample="false" selectByExampleQueryId="false"></table>

        <table tableName="user_role" domainObjectName="UserRole"
               enableCountByExample="false" enableDeleteByExample="false" enableSelectByExample="false"
               enableUpdateByExample="false" selectByExampleQueryId="false"></table>

        <table tableName="ware" domainObjectName="Ware"
               enableCountByExample="false" enableDeleteByExample="false" enableSelectByExample="false"
               enableUpdateByExample="false" selectByExampleQueryId="false"></table>

    </context>
</generatorConfiguration>
