<?xml version="1.0" encoding="UTF-8" ?>
<!DOCTYPE mapper PUBLIC "-//mybatis.org//DTD Mapper 3.0//EN" "http://mybatis.org/dtd/mybatis-3-mapper.dtd" >
<mapper namespace="com.third.dao.AllotMapper" >
  <resultMap id="BaseResultMap" type="com.third.pojo.Allot" >
    <id column="allot_id" property="allotId" jdbcType="INTEGER" />
    <result column="allot_date" property="allotDate" jdbcType="TIMESTAMP" />
    <result column="allot_cause" property="allotCause" jdbcType="VARCHAR" />
    <result column="allot_state" property="allotState" jdbcType="INTEGER" />
    <result column="allot_del" property="allotDel" jdbcType="INTEGER" />
    <result column="user_name" property="userName" jdbcType="VARCHAR" />
    <result column="product_name" property="productName" jdbcType="VARCHAR" />
    <result column="outware_num" property="outwareNum" jdbcType="INTEGER" />
    <result column="inware_num" property="inwareNum" jdbcType="INTEGER" />
    <result column="outware_id" property="outwareId" jdbcType="INTEGER" />
    <result column="inware_id" property="inwareId" jdbcType="INTEGER" />
    <result column="price" property="price" jdbcType="VARCHAR" />
  </resultMap>
  <sql id="Base_Column_List" >
    allot_id, allot_date, allot_cause, allot_state, allot_del, user_name, product_name, 
    outware_num, inware_num, outware_id, inware_id, price
  </sql>
  <select id="selectByPrimaryKey" resultMap="BaseResultMap" parameterType="java.lang.Integer" >
    select 
    <include refid="Base_Column_List" />
    from allot
    where allot_id = #{allotId,jdbcType=INTEGER}
  </select>
  <delete id="deleteByPrimaryKey" parameterType="java.lang.Integer" >
    delete from allot
    where allot_id = #{allotId,jdbcType=INTEGER}
  </delete>
  <insert id="insert" parameterType="com.third.pojo.Allot" >
    insert into allot (allot_id, allot_date, allot_cause, 
      allot_state, allot_del, user_name, 
      product_name, outware_num, inware_num, 
      outware_id, inware_id, price
      )
    values (#{allotId,jdbcType=INTEGER}, #{allotDate,jdbcType=TIMESTAMP}, #{allotCause,jdbcType=VARCHAR}, 
      #{allotState,jdbcType=INTEGER}, #{allotDel,jdbcType=INTEGER}, #{userName,jdbcType=VARCHAR}, 
      #{productName,jdbcType=VARCHAR}, #{outwareNum,jdbcType=INTEGER}, #{inwareNum,jdbcType=INTEGER}, 
      #{outwareId,jdbcType=INTEGER}, #{inwareId,jdbcType=INTEGER}, #{price,jdbcType=VARCHAR}
      )
  </insert>
  <insert id="insertSelective" parameterType="com.third.pojo.Allot" >
    insert into allot
    <trim prefix="(" suffix=")" suffixOverrides="," >
      <if test="allotId != null" >
        allot_id,
      </if>
      <if test="allotDate != null" >
        allot_date,
      </if>
      <if test="allotCause != null" >
        allot_cause,
      </if>
      <if test="allotState != null" >
        allot_state,
      </if>
      <if test="allotDel != null" >
        allot_del,
      </if>
      <if test="userName != null" >
        user_name,
      </if>
      <if test="productName != null" >
        product_name,
      </if>
      <if test="outwareNum != null" >
        outware_num,
      </if>
      <if test="inwareNum != null" >
        inware_num,
      </if>
      <if test="outwareId != null" >
        outware_id,
      </if>
      <if test="inwareId != null" >
        inware_id,
      </if>
      <if test="price != null" >
        price,
      </if>
    </trim>
    <trim prefix="values (" suffix=")" suffixOverrides="," >
      <if test="allotId != null" >
        #{allotId,jdbcType=INTEGER},
      </if>
      <if test="allotDate != null" >
        #{allotDate,jdbcType=TIMESTAMP},
      </if>
      <if test="allotCause != null" >
        #{allotCause,jdbcType=VARCHAR},
      </if>
      <if test="allotState != null" >
        #{allotState,jdbcType=INTEGER},
      </if>
      <if test="allotDel != null" >
        #{allotDel,jdbcType=INTEGER},
      </if>
      <if test="userName != null" >
        #{userName,jdbcType=VARCHAR},
      </if>
      <if test="productName != null" >
        #{productName,jdbcType=VARCHAR},
      </if>
      <if test="outwareNum != null" >
        #{outwareNum,jdbcType=INTEGER},
      </if>
      <if test="inwareNum != null" >
        #{inwareNum,jdbcType=INTEGER},
      </if>
      <if test="outwareId != null" >
        #{outwareId,jdbcType=INTEGER},
      </if>
      <if test="inwareId != null" >
        #{inwareId,jdbcType=INTEGER},
      </if>
      <if test="price != null" >
        #{price,jdbcType=VARCHAR},
      </if>
    </trim>
  </insert>
  <update id="updateByPrimaryKeySelective" parameterType="com.third.pojo.Allot" >
    update allot
    <set >
      <if test="allotDate != null" >
        allot_date = #{allotDate,jdbcType=TIMESTAMP},
      </if>
      <if test="allotCause != null" >
        allot_cause = #{allotCause,jdbcType=VARCHAR},
      </if>
      <if test="allotState != null" >
        allot_state = #{allotState,jdbcType=INTEGER},
      </if>
      <if test="allotDel != null" >
        allot_del = #{allotDel,jdbcType=INTEGER},
      </if>
      <if test="userName != null" >
        user_name = #{userName,jdbcType=VARCHAR},
      </if>
      <if test="productName != null" >
        product_name = #{productName,jdbcType=VARCHAR},
      </if>
      <if test="outwareNum != null" >
        outware_num = #{outwareNum,jdbcType=INTEGER},
      </if>
      <if test="inwareNum != null" >
        inware_num = #{inwareNum,jdbcType=INTEGER},
      </if>
      <if test="outwareId != null" >
        outware_id = #{outwareId,jdbcType=INTEGER},
      </if>
      <if test="inwareId != null" >
        inware_id = #{inwareId,jdbcType=INTEGER},
      </if>
      <if test="price != null" >
        price = #{price,jdbcType=VARCHAR},
      </if>
    </set>
    where allot_id = #{allotId,jdbcType=INTEGER}
  </update>
  <update id="updateByPrimaryKey" parameterType="com.third.pojo.Allot" >
    update allot
    set allot_date = #{allotDate,jdbcType=TIMESTAMP},
      allot_cause = #{allotCause,jdbcType=VARCHAR},
      allot_state = #{allotState,jdbcType=INTEGER},
      allot_del = #{allotDel,jdbcType=INTEGER},
      user_name = #{userName,jdbcType=VARCHAR},
      product_name = #{productName,jdbcType=VARCHAR},
      outware_num = #{outwareNum,jdbcType=INTEGER},
      inware_num = #{inwareNum,jdbcType=INTEGER},
      outware_id = #{outwareId,jdbcType=INTEGER},
      inware_id = #{inwareId,jdbcType=INTEGER},
      price = #{price,jdbcType=VARCHAR}
    where allot_id = #{allotId,jdbcType=INTEGER}
  </update>
</mapper>