<?xml version="1.0" encoding="UTF-8" ?>
<!DOCTYPE mapper PUBLIC "-//mybatis.org//DTD Mapper 3.0//EN" "http://mybatis.org/dtd/mybatis-3-mapper.dtd" >
<mapper namespace="com.third.dao.BreakageMapper" >
  <resultMap id="BaseResultMap" type="com.third.pojo.Breakage" >
    <id column="breakage_id" property="breakageId" jdbcType="INTEGER" />
    <result column="breakage_product_name" property="breakageProductName" jdbcType="VARCHAR" />
    <result column="breakage_num" property="breakageNum" jdbcType="INTEGER" />
    <result column="ware_id" property="wareId" jdbcType="INTEGER" />
    <result column="breakage_user_name" property="breakageUserName" jdbcType="VARCHAR" />
    <result column="breakage_cause" property="breakageCause" jdbcType="VARCHAR" />
    <result column="breakage_state" property="breakageState" jdbcType="INTEGER" />
    <result column="breakage_del" property="breakageDel" jdbcType="INTEGER" />
  </resultMap>
  <sql id="Base_Column_List" >
    breakage_id, breakage_product_name, breakage_num, ware_id, breakage_user_name, breakage_cause, 
    breakage_state, breakage_del
  </sql>
  <select id="selectByPrimaryKey" resultMap="BaseResultMap" parameterType="java.lang.Integer" >
    select 
    <include refid="Base_Column_List" />
    from breakage
    where breakage_id = #{breakageId,jdbcType=INTEGER}
  </select>
  <delete id="deleteByPrimaryKey" parameterType="java.lang.Integer" >
    delete from breakage
    where breakage_id = #{breakageId,jdbcType=INTEGER}
  </delete>
  <insert id="insert" parameterType="com.third.pojo.Breakage" >
    insert into breakage (breakage_id, breakage_product_name, 
      breakage_num, ware_id, breakage_user_name, 
      breakage_cause, breakage_state, breakage_del
      )
    values (#{breakageId,jdbcType=INTEGER}, #{breakageProductName,jdbcType=VARCHAR}, 
      #{breakageNum,jdbcType=INTEGER}, #{wareId,jdbcType=INTEGER}, #{breakageUserName,jdbcType=VARCHAR}, 
      #{breakageCause,jdbcType=VARCHAR}, #{breakageState,jdbcType=INTEGER}, #{breakageDel,jdbcType=INTEGER}
      )
  </insert>
  <insert id="insertSelective" parameterType="com.third.pojo.Breakage" >
    insert into breakage
    <trim prefix="(" suffix=")" suffixOverrides="," >
      <if test="breakageId != null" >
        breakage_id,
      </if>
      <if test="breakageProductName != null" >
        breakage_product_name,
      </if>
      <if test="breakageNum != null" >
        breakage_num,
      </if>
      <if test="wareId != null" >
        ware_id,
      </if>
      <if test="breakageUserName != null" >
        breakage_user_name,
      </if>
      <if test="breakageCause != null" >
        breakage_cause,
      </if>
      <if test="breakageState != null" >
        breakage_state,
      </if>
      <if test="breakageDel != null" >
        breakage_del,
      </if>
    </trim>
    <trim prefix="values (" suffix=")" suffixOverrides="," >
      <if test="breakageId != null" >
        #{breakageId,jdbcType=INTEGER},
      </if>
      <if test="breakageProductName != null" >
        #{breakageProductName,jdbcType=VARCHAR},
      </if>
      <if test="breakageNum != null" >
        #{breakageNum,jdbcType=INTEGER},
      </if>
      <if test="wareId != null" >
        #{wareId,jdbcType=INTEGER},
      </if>
      <if test="breakageUserName != null" >
        #{breakageUserName,jdbcType=VARCHAR},
      </if>
      <if test="breakageCause != null" >
        #{breakageCause,jdbcType=VARCHAR},
      </if>
      <if test="breakageState != null" >
        #{breakageState,jdbcType=INTEGER},
      </if>
      <if test="breakageDel != null" >
        #{breakageDel,jdbcType=INTEGER},
      </if>
    </trim>
  </insert>
  <update id="updateByPrimaryKeySelective" parameterType="com.third.pojo.Breakage" >
    update breakage
    <set >
      <if test="breakageProductName != null" >
        breakage_product_name = #{breakageProductName,jdbcType=VARCHAR},
      </if>
      <if test="breakageNum != null" >
        breakage_num = #{breakageNum,jdbcType=INTEGER},
      </if>
      <if test="wareId != null" >
        ware_id = #{wareId,jdbcType=INTEGER},
      </if>
      <if test="breakageUserName != null" >
        breakage_user_name = #{breakageUserName,jdbcType=VARCHAR},
      </if>
      <if test="breakageCause != null" >
        breakage_cause = #{breakageCause,jdbcType=VARCHAR},
      </if>
      <if test="breakageState != null" >
        breakage_state = #{breakageState,jdbcType=INTEGER},
      </if>
      <if test="breakageDel != null" >
        breakage_del = #{breakageDel,jdbcType=INTEGER},
      </if>
    </set>
    where breakage_id = #{breakageId,jdbcType=INTEGER}
  </update>
  <update id="updateByPrimaryKey" parameterType="com.third.pojo.Breakage" >
    update breakage
    set breakage_product_name = #{breakageProductName,jdbcType=VARCHAR},
      breakage_num = #{breakageNum,jdbcType=INTEGER},
      ware_id = #{wareId,jdbcType=INTEGER},
      breakage_user_name = #{breakageUserName,jdbcType=VARCHAR},
      breakage_cause = #{breakageCause,jdbcType=VARCHAR},
      breakage_state = #{breakageState,jdbcType=INTEGER},
      breakage_del = #{breakageDel,jdbcType=INTEGER}
    where breakage_id = #{breakageId,jdbcType=INTEGER}
  </update>
</mapper>