<?xml version="1.0" encoding="UTF-8" ?>
<!DOCTYPE mapper PUBLIC "-//mybatis.org//DTD Mapper 3.0//EN" "http://mybatis.org/dtd/mybatis-3-mapper.dtd" >
<mapper namespace="com.third.dao.ClientMapper" >
  <resultMap id="BaseResultMap" type="com.third.pojo.Client" >
    <id column="client_id" property="clientId" jdbcType="INTEGER" />
    <result column="client_name" property="clientName" jdbcType="VARCHAR" />
    <result column="client_person" property="clientPerson" jdbcType="VARCHAR" />
    <result column="client_tel" property="clientTel" jdbcType="VARCHAR" />
    <result column="client_site" property="clientSite" jdbcType="VARCHAR" />
    <result column="client_date" property="clientDate" jdbcType="TIMESTAMP" />
    <result column="client_year" property="clientYear" jdbcType="INTEGER" />
    <result column="client_state" property="clientState" jdbcType="INTEGER" />
    <result column="client_del" property="clientDel" jdbcType="INTEGER" />
  </resultMap>
  <sql id="Base_Column_List" >
    client_id, client_name, client_person, client_tel, client_site, client_date, client_year, 
    client_state, client_del
  </sql>
  <select id="selectByPrimaryKey" resultMap="BaseResultMap" parameterType="java.lang.Integer" >
    select 
    <include refid="Base_Column_List" />
    from client
    where client_id = #{clientId,jdbcType=INTEGER}
  </select>
  <delete id="deleteByPrimaryKey" parameterType="java.lang.Integer" >
    delete from client
    where client_id = #{clientId,jdbcType=INTEGER}
  </delete>
  <insert id="insert" parameterType="com.third.pojo.Client" >
    insert into client (client_id, client_name, client_person, 
      client_tel, client_site, client_date, 
      client_year, client_state, client_del
      )
    values (#{clientId,jdbcType=INTEGER}, #{clientName,jdbcType=VARCHAR}, #{clientPerson,jdbcType=VARCHAR}, 
      #{clientTel,jdbcType=VARCHAR}, #{clientSite,jdbcType=VARCHAR}, #{clientDate,jdbcType=TIMESTAMP}, 
      #{clientYear,jdbcType=INTEGER}, #{clientState,jdbcType=INTEGER}, #{clientDel,jdbcType=INTEGER}
      )
  </insert>
  <insert id="insertSelective" parameterType="com.third.pojo.Client" >
    insert into client
    <trim prefix="(" suffix=")" suffixOverrides="," >
      <if test="clientId != null" >
        client_id,
      </if>
      <if test="clientName != null" >
        client_name,
      </if>
      <if test="clientPerson != null" >
        client_person,
      </if>
      <if test="clientTel != null" >
        client_tel,
      </if>
      <if test="clientSite != null" >
        client_site,
      </if>
      <if test="clientDate != null" >
        client_date,
      </if>
      <if test="clientYear != null" >
        client_year,
      </if>
      <if test="clientState != null" >
        client_state,
      </if>
      <if test="clientDel != null" >
        client_del,
      </if>
    </trim>
    <trim prefix="values (" suffix=")" suffixOverrides="," >
      <if test="clientId != null" >
        #{clientId,jdbcType=INTEGER},
      </if>
      <if test="clientName != null" >
        #{clientName,jdbcType=VARCHAR},
      </if>
      <if test="clientPerson != null" >
        #{clientPerson,jdbcType=VARCHAR},
      </if>
      <if test="clientTel != null" >
        #{clientTel,jdbcType=VARCHAR},
      </if>
      <if test="clientSite != null" >
        #{clientSite,jdbcType=VARCHAR},
      </if>
      <if test="clientDate != null" >
        #{clientDate,jdbcType=TIMESTAMP},
      </if>
      <if test="clientYear != null" >
        #{clientYear,jdbcType=INTEGER},
      </if>
      <if test="clientState != null" >
        #{clientState,jdbcType=INTEGER},
      </if>
      <if test="clientDel != null" >
        #{clientDel,jdbcType=INTEGER},
      </if>
    </trim>
  </insert>
  <update id="updateByPrimaryKeySelective" parameterType="com.third.pojo.Client" >
    update client
    <set >
      <if test="clientName != null" >
        client_name = #{clientName,jdbcType=VARCHAR},
      </if>
      <if test="clientPerson != null" >
        client_person = #{clientPerson,jdbcType=VARCHAR},
      </if>
      <if test="clientTel != null" >
        client_tel = #{clientTel,jdbcType=VARCHAR},
      </if>
      <if test="clientSite != null" >
        client_site = #{clientSite,jdbcType=VARCHAR},
      </if>
      <if test="clientDate != null" >
        client_date = #{clientDate,jdbcType=TIMESTAMP},
      </if>
      <if test="clientYear != null" >
        client_year = #{clientYear,jdbcType=INTEGER},
      </if>
      <if test="clientState != null" >
        client_state = #{clientState,jdbcType=INTEGER},
      </if>
      <if test="clientDel != null" >
        client_del = #{clientDel,jdbcType=INTEGER},
      </if>
    </set>
    where client_id = #{clientId,jdbcType=INTEGER}
  </update>
  <update id="updateByPrimaryKey" parameterType="com.third.pojo.Client" >
    update client
    set client_name = #{clientName,jdbcType=VARCHAR},
      client_person = #{clientPerson,jdbcType=VARCHAR},
      client_tel = #{clientTel,jdbcType=VARCHAR},
      client_site = #{clientSite,jdbcType=VARCHAR},
      client_date = #{clientDate,jdbcType=TIMESTAMP},
      client_year = #{clientYear,jdbcType=INTEGER},
      client_state = #{clientState,jdbcType=INTEGER},
      client_del = #{clientDel,jdbcType=INTEGER}
    where client_id = #{clientId,jdbcType=INTEGER}
  </update>
</mapper>