<?xml version="1.0" encoding="UTF-8" ?>
<!DOCTYPE mapper PUBLIC "-//mybatis.org//DTD Mapper 3.0//EN" "http://mybatis.org/dtd/mybatis-3-mapper.dtd" >
<mapper namespace="com.third.dao.ClireturnMapper" >
  <resultMap id="BaseResultMap" type="com.third.pojo.Clireturn" >
    <id column="clireturn_id" property="clireturnId" jdbcType="INTEGER" />
    <result column="clireturn_date" property="clireturnDate" jdbcType="TIMESTAMP" />
    <result column="clireturn_num" property="clireturnNum" jdbcType="INTEGER" />
    <result column="clireturn_cause" property="clireturnCause" jdbcType="VARCHAR" />
    <result column="clireturn_allprice" property="clireturnAllprice" jdbcType="INTEGER" />
    <result column="clireturn_state" property="clireturnState" jdbcType="INTEGER" />
    <result column="clireturn_del" property="clireturnDel" jdbcType="INTEGER" />
    <result column="outstorage_id" property="outstorageId" jdbcType="INTEGER" />
  </resultMap>
  <sql id="Base_Column_List" >
    clireturn_id, clireturn_date, clireturn_num, clireturn_cause, clireturn_allprice, 
    clireturn_state, clireturn_del, outstorage_id
  </sql>
  <select id="selectByPrimaryKey" resultMap="BaseResultMap" parameterType="java.lang.Integer" >
    select 
    <include refid="Base_Column_List" />
    from clireturn
    where clireturn_id = #{clireturnId,jdbcType=INTEGER}
  </select>
  <delete id="deleteByPrimaryKey" parameterType="java.lang.Integer" >
    delete from clireturn
    where clireturn_id = #{clireturnId,jdbcType=INTEGER}
  </delete>
  <insert id="insert" parameterType="com.third.pojo.Clireturn" >
    insert into clireturn (clireturn_id, clireturn_date, clireturn_num, 
      clireturn_cause, clireturn_allprice, clireturn_state, 
      clireturn_del, outstorage_id)
    values (#{clireturnId,jdbcType=INTEGER}, #{clireturnDate,jdbcType=TIMESTAMP}, #{clireturnNum,jdbcType=INTEGER}, 
      #{clireturnCause,jdbcType=VARCHAR}, #{clireturnAllprice,jdbcType=INTEGER}, #{clireturnState,jdbcType=INTEGER}, 
      #{clireturnDel,jdbcType=INTEGER}, #{outstorageId,jdbcType=INTEGER})
  </insert>
  <insert id="insertSelective" parameterType="com.third.pojo.Clireturn" >
    insert into clireturn
    <trim prefix="(" suffix=")" suffixOverrides="," >
      <if test="clireturnId != null" >
        clireturn_id,
      </if>
      <if test="clireturnDate != null" >
        clireturn_date,
      </if>
      <if test="clireturnNum != null" >
        clireturn_num,
      </if>
      <if test="clireturnCause != null" >
        clireturn_cause,
      </if>
      <if test="clireturnAllprice != null" >
        clireturn_allprice,
      </if>
      <if test="clireturnState != null" >
        clireturn_state,
      </if>
      <if test="clireturnDel != null" >
        clireturn_del,
      </if>
      <if test="outstorageId != null" >
        outstorage_id,
      </if>
    </trim>
    <trim prefix="values (" suffix=")" suffixOverrides="," >
      <if test="clireturnId != null" >
        #{clireturnId,jdbcType=INTEGER},
      </if>
      <if test="clireturnDate != null" >
        #{clireturnDate,jdbcType=TIMESTAMP},
      </if>
      <if test="clireturnNum != null" >
        #{clireturnNum,jdbcType=INTEGER},
      </if>
      <if test="clireturnCause != null" >
        #{clireturnCause,jdbcType=VARCHAR},
      </if>
      <if test="clireturnAllprice != null" >
        #{clireturnAllprice,jdbcType=INTEGER},
      </if>
      <if test="clireturnState != null" >
        #{clireturnState,jdbcType=INTEGER},
      </if>
      <if test="clireturnDel != null" >
        #{clireturnDel,jdbcType=INTEGER},
      </if>
      <if test="outstorageId != null" >
        #{outstorageId,jdbcType=INTEGER},
      </if>
    </trim>
  </insert>
  <update id="updateByPrimaryKeySelective" parameterType="com.third.pojo.Clireturn" >
    update clireturn
    <set >
      <if test="clireturnDate != null" >
        clireturn_date = #{clireturnDate,jdbcType=TIMESTAMP},
      </if>
      <if test="clireturnNum != null" >
        clireturn_num = #{clireturnNum,jdbcType=INTEGER},
      </if>
      <if test="clireturnCause != null" >
        clireturn_cause = #{clireturnCause,jdbcType=VARCHAR},
      </if>
      <if test="clireturnAllprice != null" >
        clireturn_allprice = #{clireturnAllprice,jdbcType=INTEGER},
      </if>
      <if test="clireturnState != null" >
        clireturn_state = #{clireturnState,jdbcType=INTEGER},
      </if>
      <if test="clireturnDel != null" >
        clireturn_del = #{clireturnDel,jdbcType=INTEGER},
      </if>
      <if test="outstorageId != null" >
        outstorage_id = #{outstorageId,jdbcType=INTEGER},
      </if>
    </set>
    where clireturn_id = #{clireturnId,jdbcType=INTEGER}
  </update>
  <update id="updateByPrimaryKey" parameterType="com.third.pojo.Clireturn" >
    update clireturn
    set clireturn_date = #{clireturnDate,jdbcType=TIMESTAMP},
      clireturn_num = #{clireturnNum,jdbcType=INTEGER},
      clireturn_cause = #{clireturnCause,jdbcType=VARCHAR},
      clireturn_allprice = #{clireturnAllprice,jdbcType=INTEGER},
      clireturn_state = #{clireturnState,jdbcType=INTEGER},
      clireturn_del = #{clireturnDel,jdbcType=INTEGER},
      outstorage_id = #{outstorageId,jdbcType=INTEGER}
    where clireturn_id = #{clireturnId,jdbcType=INTEGER}
  </update>
</mapper>