<?xml version="1.0" encoding="UTF-8" ?>
<!DOCTYPE mapper PUBLIC "-//mybatis.org//DTD Mapper 3.0//EN" "http://mybatis.org/dtd/mybatis-3-mapper.dtd" >
<mapper namespace="com.third.dao.InreturnMapper" >
  <resultMap id="BaseResultMap" type="com.third.pojo.Inreturn" >
    <id column="inreturn_id" property="inreturnId" jdbcType="INTEGER" />
    <result column="inreturn_date" property="inreturnDate" jdbcType="TIMESTAMP" />
    <result column="inreturn_cause" property="inreturnCause" jdbcType="VARCHAR" />
    <result column="inreturn_num" property="inreturnNum" jdbcType="INTEGER" />
    <result column="inreturn_allprice" property="inreturnAllprice" jdbcType="INTEGER" />
    <result column="inreturn_state" property="inreturnState" jdbcType="INTEGER" />
    <result column="inreturn_del" property="inreturnDel" jdbcType="INTEGER" />
    <result column="instorage_id" property="instorageId" jdbcType="INTEGER" />
  </resultMap>
  <sql id="Base_Column_List" >
    inreturn_id, inreturn_date, inreturn_cause, inreturn_num, inreturn_allprice, inreturn_state, 
    inreturn_del, instorage_id
  </sql>
  <select id="selectByPrimaryKey" resultMap="BaseResultMap" parameterType="java.lang.Integer" >
    select 
    <include refid="Base_Column_List" />
    from inreturn
    where inreturn_id = #{inreturnId,jdbcType=INTEGER}
  </select>
  <delete id="deleteByPrimaryKey" parameterType="java.lang.Integer" >
    delete from inreturn
    where inreturn_id = #{inreturnId,jdbcType=INTEGER}
  </delete>
  <insert id="insert" parameterType="com.third.pojo.Inreturn" >
    insert into inreturn (inreturn_id, inreturn_date, inreturn_cause, 
      inreturn_num, inreturn_allprice, inreturn_state, 
      inreturn_del, instorage_id)
    values (#{inreturnId,jdbcType=INTEGER}, #{inreturnDate,jdbcType=TIMESTAMP}, #{inreturnCause,jdbcType=VARCHAR}, 
      #{inreturnNum,jdbcType=INTEGER}, #{inreturnAllprice,jdbcType=INTEGER}, #{inreturnState,jdbcType=INTEGER}, 
      #{inreturnDel,jdbcType=INTEGER}, #{instorageId,jdbcType=INTEGER})
  </insert>
  <insert id="insertSelective" parameterType="com.third.pojo.Inreturn" >
    insert into inreturn
    <trim prefix="(" suffix=")" suffixOverrides="," >
      <if test="inreturnId != null" >
        inreturn_id,
      </if>
      <if test="inreturnDate != null" >
        inreturn_date,
      </if>
      <if test="inreturnCause != null" >
        inreturn_cause,
      </if>
      <if test="inreturnNum != null" >
        inreturn_num,
      </if>
      <if test="inreturnAllprice != null" >
        inreturn_allprice,
      </if>
      <if test="inreturnState != null" >
        inreturn_state,
      </if>
      <if test="inreturnDel != null" >
        inreturn_del,
      </if>
      <if test="instorageId != null" >
        instorage_id,
      </if>
    </trim>
    <trim prefix="values (" suffix=")" suffixOverrides="," >
      <if test="inreturnId != null" >
        #{inreturnId,jdbcType=INTEGER},
      </if>
      <if test="inreturnDate != null" >
        #{inreturnDate,jdbcType=TIMESTAMP},
      </if>
      <if test="inreturnCause != null" >
        #{inreturnCause,jdbcType=VARCHAR},
      </if>
      <if test="inreturnNum != null" >
        #{inreturnNum,jdbcType=INTEGER},
      </if>
      <if test="inreturnAllprice != null" >
        #{inreturnAllprice,jdbcType=INTEGER},
      </if>
      <if test="inreturnState != null" >
        #{inreturnState,jdbcType=INTEGER},
      </if>
      <if test="inreturnDel != null" >
        #{inreturnDel,jdbcType=INTEGER},
      </if>
      <if test="instorageId != null" >
        #{instorageId,jdbcType=INTEGER},
      </if>
    </trim>
  </insert>
  <update id="updateByPrimaryKeySelective" parameterType="com.third.pojo.Inreturn" >
    update inreturn
    <set >
      <if test="inreturnDate != null" >
        inreturn_date = #{inreturnDate,jdbcType=TIMESTAMP},
      </if>
      <if test="inreturnCause != null" >
        inreturn_cause = #{inreturnCause,jdbcType=VARCHAR},
      </if>
      <if test="inreturnNum != null" >
        inreturn_num = #{inreturnNum,jdbcType=INTEGER},
      </if>
      <if test="inreturnAllprice != null" >
        inreturn_allprice = #{inreturnAllprice,jdbcType=INTEGER},
      </if>
      <if test="inreturnState != null" >
        inreturn_state = #{inreturnState,jdbcType=INTEGER},
      </if>
      <if test="inreturnDel != null" >
        inreturn_del = #{inreturnDel,jdbcType=INTEGER},
      </if>
      <if test="instorageId != null" >
        instorage_id = #{instorageId,jdbcType=INTEGER},
      </if>
    </set>
    where inreturn_id = #{inreturnId,jdbcType=INTEGER}
  </update>
  <update id="updateByPrimaryKey" parameterType="com.third.pojo.Inreturn" >
    update inreturn
    set inreturn_date = #{inreturnDate,jdbcType=TIMESTAMP},
      inreturn_cause = #{inreturnCause,jdbcType=VARCHAR},
      inreturn_num = #{inreturnNum,jdbcType=INTEGER},
      inreturn_allprice = #{inreturnAllprice,jdbcType=INTEGER},
      inreturn_state = #{inreturnState,jdbcType=INTEGER},
      inreturn_del = #{inreturnDel,jdbcType=INTEGER},
      instorage_id = #{instorageId,jdbcType=INTEGER}
    where inreturn_id = #{inreturnId,jdbcType=INTEGER}
  </update>
</mapper>