<?xml version="1.0" encoding="UTF-8" ?>
<!DOCTYPE mapper PUBLIC "-//mybatis.org//DTD Mapper 3.0//EN" "http://mybatis.org/dtd/mybatis-3-mapper.dtd" >
<mapper namespace="com.third.dao.InstorageMapper" >
  <resultMap id="BaseResultMap" type="com.third.pojo.Instorage" >
    <id column="instorage_id" property="instorageId" jdbcType="INTEGER" />
    <result column="instorage_date" property="instorageDate" jdbcType="TIMESTAMP" />
    <result column="instorage_num" property="instorageNum" jdbcType="INTEGER" />
    <result column="instorage_remark" property="instorageRemark" jdbcType="VARCHAR" />
    <result column="instorage_state" property="instorageState" jdbcType="INTEGER" />
    <result column="instorage_del" property="instorageDel" jdbcType="INTEGER" />
    <result column="product_name" property="productName" jdbcType="VARCHAR" />
    <result column="provider_id" property="providerId" jdbcType="INTEGER" />
    <result column="factory_name" property="factoryName" jdbcType="VARCHAR" />
    <result column="ware_id" property="wareId" jdbcType="INTEGER" />
    <result column="user_name" property="userName" jdbcType="VARCHAR" />
    <result column="unit" property="unit" jdbcType="VARCHAR" />
    <result column="price" property="price" jdbcType="INTEGER" />
    <result column="allprice" property="allprice" jdbcType="INTEGER" />
  </resultMap>
  <sql id="Base_Column_List" >
    instorage_id, instorage_date, instorage_num, instorage_remark, instorage_state, instorage_del, 
    product_name, provider_id, factory_name, ware_id, user_name, unit, price, allprice
  </sql>
  <select id="selectByPrimaryKey" resultMap="BaseResultMap" parameterType="java.lang.Integer" >
    select 
    <include refid="Base_Column_List" />
    from instorage
    where instorage_id = #{instorageId,jdbcType=INTEGER}
  </select>
  <delete id="deleteByPrimaryKey" parameterType="java.lang.Integer" >
    delete from instorage
    where instorage_id = #{instorageId,jdbcType=INTEGER}
  </delete>
  <insert id="insert" parameterType="com.third.pojo.Instorage" >
    insert into instorage (instorage_id, instorage_date, instorage_num, 
      instorage_remark, instorage_state, instorage_del, 
      product_name, provider_id, factory_name, 
      ware_id, user_name, unit, 
      price, allprice)
    values (#{instorageId,jdbcType=INTEGER}, #{instorageDate,jdbcType=TIMESTAMP}, #{instorageNum,jdbcType=INTEGER}, 
      #{instorageRemark,jdbcType=VARCHAR}, #{instorageState,jdbcType=INTEGER}, #{instorageDel,jdbcType=INTEGER}, 
      #{productName,jdbcType=VARCHAR}, #{providerId,jdbcType=INTEGER}, #{factoryName,jdbcType=VARCHAR}, 
      #{wareId,jdbcType=INTEGER}, #{userName,jdbcType=VARCHAR}, #{unit,jdbcType=VARCHAR}, 
      #{price,jdbcType=INTEGER}, #{allprice,jdbcType=INTEGER})
  </insert>
  <insert id="insertSelective" parameterType="com.third.pojo.Instorage" >
    insert into instorage
    <trim prefix="(" suffix=")" suffixOverrides="," >
      <if test="instorageId != null" >
        instorage_id,
      </if>
      <if test="instorageDate != null" >
        instorage_date,
      </if>
      <if test="instorageNum != null" >
        instorage_num,
      </if>
      <if test="instorageRemark != null" >
        instorage_remark,
      </if>
      <if test="instorageState != null" >
        instorage_state,
      </if>
      <if test="instorageDel != null" >
        instorage_del,
      </if>
      <if test="productName != null" >
        product_name,
      </if>
      <if test="providerId != null" >
        provider_id,
      </if>
      <if test="factoryName != null" >
        factory_name,
      </if>
      <if test="wareId != null" >
        ware_id,
      </if>
      <if test="userName != null" >
        user_name,
      </if>
      <if test="unit != null" >
        unit,
      </if>
      <if test="price != null" >
        price,
      </if>
      <if test="allprice != null" >
        allprice,
      </if>
    </trim>
    <trim prefix="values (" suffix=")" suffixOverrides="," >
      <if test="instorageId != null" >
        #{instorageId,jdbcType=INTEGER},
      </if>
      <if test="instorageDate != null" >
        #{instorageDate,jdbcType=TIMESTAMP},
      </if>
      <if test="instorageNum != null" >
        #{instorageNum,jdbcType=INTEGER},
      </if>
      <if test="instorageRemark != null" >
        #{instorageRemark,jdbcType=VARCHAR},
      </if>
      <if test="instorageState != null" >
        #{instorageState,jdbcType=INTEGER},
      </if>
      <if test="instorageDel != null" >
        #{instorageDel,jdbcType=INTEGER},
      </if>
      <if test="productName != null" >
        #{productName,jdbcType=VARCHAR},
      </if>
      <if test="providerId != null" >
        #{providerId,jdbcType=INTEGER},
      </if>
      <if test="factoryName != null" >
        #{factoryName,jdbcType=VARCHAR},
      </if>
      <if test="wareId != null" >
        #{wareId,jdbcType=INTEGER},
      </if>
      <if test="userName != null" >
        #{userName,jdbcType=VARCHAR},
      </if>
      <if test="unit != null" >
        #{unit,jdbcType=VARCHAR},
      </if>
      <if test="price != null" >
        #{price,jdbcType=INTEGER},
      </if>
      <if test="allprice != null" >
        #{allprice,jdbcType=INTEGER},
      </if>
    </trim>
  </insert>
  <update id="updateByPrimaryKeySelective" parameterType="com.third.pojo.Instorage" >
    update instorage
    <set >
      <if test="instorageDate != null" >
        instorage_date = #{instorageDate,jdbcType=TIMESTAMP},
      </if>
      <if test="instorageNum != null" >
        instorage_num = #{instorageNum,jdbcType=INTEGER},
      </if>
      <if test="instorageRemark != null" >
        instorage_remark = #{instorageRemark,jdbcType=VARCHAR},
      </if>
      <if test="instorageState != null" >
        instorage_state = #{instorageState,jdbcType=INTEGER},
      </if>
      <if test="instorageDel != null" >
        instorage_del = #{instorageDel,jdbcType=INTEGER},
      </if>
      <if test="productName != null" >
        product_name = #{productName,jdbcType=VARCHAR},
      </if>
      <if test="providerId != null" >
        provider_id = #{providerId,jdbcType=INTEGER},
      </if>
      <if test="factoryName != null" >
        factory_name = #{factoryName,jdbcType=VARCHAR},
      </if>
      <if test="wareId != null" >
        ware_id = #{wareId,jdbcType=INTEGER},
      </if>
      <if test="userName != null" >
        user_name = #{userName,jdbcType=VARCHAR},
      </if>
      <if test="unit != null" >
        unit = #{unit,jdbcType=VARCHAR},
      </if>
      <if test="price != null" >
        price = #{price,jdbcType=INTEGER},
      </if>
      <if test="allprice != null" >
        allprice = #{allprice,jdbcType=INTEGER},
      </if>
    </set>
    where instorage_id = #{instorageId,jdbcType=INTEGER}
  </update>
  <update id="updateByPrimaryKey" parameterType="com.third.pojo.Instorage" >
    update instorage
    set instorage_date = #{instorageDate,jdbcType=TIMESTAMP},
      instorage_num = #{instorageNum,jdbcType=INTEGER},
      instorage_remark = #{instorageRemark,jdbcType=VARCHAR},
      instorage_state = #{instorageState,jdbcType=INTEGER},
      instorage_del = #{instorageDel,jdbcType=INTEGER},
      product_name = #{productName,jdbcType=VARCHAR},
      provider_id = #{providerId,jdbcType=INTEGER},
      factory_name = #{factoryName,jdbcType=VARCHAR},
      ware_id = #{wareId,jdbcType=INTEGER},
      user_name = #{userName,jdbcType=VARCHAR},
      unit = #{unit,jdbcType=VARCHAR},
      price = #{price,jdbcType=INTEGER},
      allprice = #{allprice,jdbcType=INTEGER}
    where instorage_id = #{instorageId,jdbcType=INTEGER}
  </update>
</mapper>