<?xml version="1.0" encoding="UTF-8" ?>
<!DOCTYPE mapper PUBLIC "-//mybatis.org//DTD Mapper 3.0//EN" "http://mybatis.org/dtd/mybatis-3-mapper.dtd" >
<mapper namespace="com.third.dao.OutstorageMapper" >
  <resultMap id="BaseResultMap" type="com.third.pojo.Outstorage" >
    <id column="outstorage_id" property="outstorageId" jdbcType="INTEGER" />
    <result column="outstorage_num" property="outstorageNum" jdbcType="INTEGER" />
    <result column="outstorage_date" property="outstorageDate" jdbcType="TIMESTAMP" />
    <result column="outstorage_remark" property="outstorageRemark" jdbcType="VARCHAR" />
    <result column="outstorage_state" property="outstorageState" jdbcType="INTEGER" />
    <result column="outstorage_del" property="outstorageDel" jdbcType="INTEGER" />
    <result column="product_name" property="productName" jdbcType="VARCHAR" />
    <result column="client_id" property="clientId" jdbcType="INTEGER" />
    <result column="unit" property="unit" jdbcType="VARCHAR" />
    <result column="ware_id" property="wareId" jdbcType="INTEGER" />
    <result column="price" property="price" jdbcType="INTEGER" />
    <result column="allprice" property="allprice" jdbcType="INTEGER" />
  </resultMap>
  <sql id="Base_Column_List" >
    outstorage_id, outstorage_num, outstorage_date, outstorage_remark, outstorage_state, 
    outstorage_del, product_name, client_id, unit, ware_id, price, allprice
  </sql>
  <select id="selectByPrimaryKey" resultMap="BaseResultMap" parameterType="java.lang.Integer" >
    select 
    <include refid="Base_Column_List" />
    from outstorage
    where outstorage_id = #{outstorageId,jdbcType=INTEGER}
  </select>
  <delete id="deleteByPrimaryKey" parameterType="java.lang.Integer" >
    delete from outstorage
    where outstorage_id = #{outstorageId,jdbcType=INTEGER}
  </delete>
  <insert id="insert" parameterType="com.third.pojo.Outstorage" >
    insert into outstorage (outstorage_id, outstorage_num, outstorage_date, 
      outstorage_remark, outstorage_state, outstorage_del, 
      product_name, client_id, unit, 
      ware_id, price, allprice
      )
    values (#{outstorageId,jdbcType=INTEGER}, #{outstorageNum,jdbcType=INTEGER}, #{outstorageDate,jdbcType=TIMESTAMP}, 
      #{outstorageRemark,jdbcType=VARCHAR}, #{outstorageState,jdbcType=INTEGER}, #{outstorageDel,jdbcType=INTEGER}, 
      #{productName,jdbcType=VARCHAR}, #{clientId,jdbcType=INTEGER}, #{unit,jdbcType=VARCHAR}, 
      #{wareId,jdbcType=INTEGER}, #{price,jdbcType=INTEGER}, #{allprice,jdbcType=INTEGER}
      )
  </insert>
  <insert id="insertSelective" parameterType="com.third.pojo.Outstorage" >
    insert into outstorage
    <trim prefix="(" suffix=")" suffixOverrides="," >
      <if test="outstorageId != null" >
        outstorage_id,
      </if>
      <if test="outstorageNum != null" >
        outstorage_num,
      </if>
      <if test="outstorageDate != null" >
        outstorage_date,
      </if>
      <if test="outstorageRemark != null" >
        outstorage_remark,
      </if>
      <if test="outstorageState != null" >
        outstorage_state,
      </if>
      <if test="outstorageDel != null" >
        outstorage_del,
      </if>
      <if test="productName != null" >
        product_name,
      </if>
      <if test="clientId != null" >
        client_id,
      </if>
      <if test="unit != null" >
        unit,
      </if>
      <if test="wareId != null" >
        ware_id,
      </if>
      <if test="price != null" >
        price,
      </if>
      <if test="allprice != null" >
        allprice,
      </if>
    </trim>
    <trim prefix="values (" suffix=")" suffixOverrides="," >
      <if test="outstorageId != null" >
        #{outstorageId,jdbcType=INTEGER},
      </if>
      <if test="outstorageNum != null" >
        #{outstorageNum,jdbcType=INTEGER},
      </if>
      <if test="outstorageDate != null" >
        #{outstorageDate,jdbcType=TIMESTAMP},
      </if>
      <if test="outstorageRemark != null" >
        #{outstorageRemark,jdbcType=VARCHAR},
      </if>
      <if test="outstorageState != null" >
        #{outstorageState,jdbcType=INTEGER},
      </if>
      <if test="outstorageDel != null" >
        #{outstorageDel,jdbcType=INTEGER},
      </if>
      <if test="productName != null" >
        #{productName,jdbcType=VARCHAR},
      </if>
      <if test="clientId != null" >
        #{clientId,jdbcType=INTEGER},
      </if>
      <if test="unit != null" >
        #{unit,jdbcType=VARCHAR},
      </if>
      <if test="wareId != null" >
        #{wareId,jdbcType=INTEGER},
      </if>
      <if test="price != null" >
        #{price,jdbcType=INTEGER},
      </if>
      <if test="allprice != null" >
        #{allprice,jdbcType=INTEGER},
      </if>
    </trim>
  </insert>
  <update id="updateByPrimaryKeySelective" parameterType="com.third.pojo.Outstorage" >
    update outstorage
    <set >
      <if test="outstorageNum != null" >
        outstorage_num = #{outstorageNum,jdbcType=INTEGER},
      </if>
      <if test="outstorageDate != null" >
        outstorage_date = #{outstorageDate,jdbcType=TIMESTAMP},
      </if>
      <if test="outstorageRemark != null" >
        outstorage_remark = #{outstorageRemark,jdbcType=VARCHAR},
      </if>
      <if test="outstorageState != null" >
        outstorage_state = #{outstorageState,jdbcType=INTEGER},
      </if>
      <if test="outstorageDel != null" >
        outstorage_del = #{outstorageDel,jdbcType=INTEGER},
      </if>
      <if test="productName != null" >
        product_name = #{productName,jdbcType=VARCHAR},
      </if>
      <if test="clientId != null" >
        client_id = #{clientId,jdbcType=INTEGER},
      </if>
      <if test="unit != null" >
        unit = #{unit,jdbcType=VARCHAR},
      </if>
      <if test="wareId != null" >
        ware_id = #{wareId,jdbcType=INTEGER},
      </if>
      <if test="price != null" >
        price = #{price,jdbcType=INTEGER},
      </if>
      <if test="allprice != null" >
        allprice = #{allprice,jdbcType=INTEGER},
      </if>
    </set>
    where outstorage_id = #{outstorageId,jdbcType=INTEGER}
  </update>
  <update id="updateByPrimaryKey" parameterType="com.third.pojo.Outstorage" >
    update outstorage
    set outstorage_num = #{outstorageNum,jdbcType=INTEGER},
      outstorage_date = #{outstorageDate,jdbcType=TIMESTAMP},
      outstorage_remark = #{outstorageRemark,jdbcType=VARCHAR},
      outstorage_state = #{outstorageState,jdbcType=INTEGER},
      outstorage_del = #{outstorageDel,jdbcType=INTEGER},
      product_name = #{productName,jdbcType=VARCHAR},
      client_id = #{clientId,jdbcType=INTEGER},
      unit = #{unit,jdbcType=VARCHAR},
      ware_id = #{wareId,jdbcType=INTEGER},
      price = #{price,jdbcType=INTEGER},
      allprice = #{allprice,jdbcType=INTEGER}
    where outstorage_id = #{outstorageId,jdbcType=INTEGER}
  </update>
</mapper>