<?xml version="1.0" encoding="UTF-8" ?>
<!DOCTYPE mapper PUBLIC "-//mybatis.org//DTD Mapper 3.0//EN" "http://mybatis.org/dtd/mybatis-3-mapper.dtd" >
<mapper namespace="com.third.dao.Product_tableMapper" >
  <resultMap id="BaseResultMap" type="com.third.pojo.Product_table" >
    <id column="product_id" property="productId" jdbcType="INTEGER" />
    <result column="product_name" property="productName" jdbcType="VARCHAR" />
    <result column="provider_id" property="providerId" jdbcType="INTEGER" />
    <result column="factory_name" property="factoryName" jdbcType="VARCHAR" />
    <result column="price" property="price" jdbcType="INTEGER" />
    <result column="unit" property="unit" jdbcType="VARCHAR" />
    <result column="product_num" property="productNum" jdbcType="INTEGER" />
    <result column="allprice" property="allprice" jdbcType="INTEGER" />
    <result column="ware_id" property="wareId" jdbcType="INTEGER" />
    <result column="create_time" property="createTime" jdbcType="TIMESTAMP" />
    <result column="update_time" property="updateTime" jdbcType="TIMESTAMP" />
  </resultMap>
  <sql id="Base_Column_List" >
    product_id, product_name, provider_id, factory_name, price, unit, product_num, allprice, 
    ware_id, create_time, update_time
  </sql>
  <select id="selectByPrimaryKey" resultMap="BaseResultMap" parameterType="java.lang.Integer" >
    select 
    <include refid="Base_Column_List" />
    from product_table
    where product_id = #{productId,jdbcType=INTEGER}
  </select>
  <delete id="deleteByPrimaryKey" parameterType="java.lang.Integer" >
    delete from product_table
    where product_id = #{productId,jdbcType=INTEGER}
  </delete>
  <insert id="insert" parameterType="com.third.pojo.Product_table" >
    insert into product_table (product_id, product_name, provider_id, 
      factory_name, price, unit, 
      product_num, allprice, ware_id, 
      create_time, update_time)
    values (#{productId,jdbcType=INTEGER}, #{productName,jdbcType=VARCHAR}, #{providerId,jdbcType=INTEGER}, 
      #{factoryName,jdbcType=VARCHAR}, #{price,jdbcType=INTEGER}, #{unit,jdbcType=VARCHAR}, 
      #{productNum,jdbcType=INTEGER}, #{allprice,jdbcType=INTEGER}, #{wareId,jdbcType=INTEGER}, 
      #{createTime,jdbcType=TIMESTAMP}, #{updateTime,jdbcType=TIMESTAMP})
  </insert>
  <insert id="insertSelective" parameterType="com.third.pojo.Product_table" >
    insert into product_table
    <trim prefix="(" suffix=")" suffixOverrides="," >
      <if test="productId != null" >
        product_id,
      </if>
      <if test="productName != null" >
        product_name,
      </if>
      <if test="providerId != null" >
        provider_id,
      </if>
      <if test="factoryName != null" >
        factory_name,
      </if>
      <if test="price != null" >
        price,
      </if>
      <if test="unit != null" >
        unit,
      </if>
      <if test="productNum != null" >
        product_num,
      </if>
      <if test="allprice != null" >
        allprice,
      </if>
      <if test="wareId != null" >
        ware_id,
      </if>
      <if test="createTime != null" >
        create_time,
      </if>
      <if test="updateTime != null" >
        update_time,
      </if>
    </trim>
    <trim prefix="values (" suffix=")" suffixOverrides="," >
      <if test="productId != null" >
        #{productId,jdbcType=INTEGER},
      </if>
      <if test="productName != null" >
        #{productName,jdbcType=VARCHAR},
      </if>
      <if test="providerId != null" >
        #{providerId,jdbcType=INTEGER},
      </if>
      <if test="factoryName != null" >
        #{factoryName,jdbcType=VARCHAR},
      </if>
      <if test="price != null" >
        #{price,jdbcType=INTEGER},
      </if>
      <if test="unit != null" >
        #{unit,jdbcType=VARCHAR},
      </if>
      <if test="productNum != null" >
        #{productNum,jdbcType=INTEGER},
      </if>
      <if test="allprice != null" >
        #{allprice,jdbcType=INTEGER},
      </if>
      <if test="wareId != null" >
        #{wareId,jdbcType=INTEGER},
      </if>
      <if test="createTime != null" >
        #{createTime,jdbcType=TIMESTAMP},
      </if>
      <if test="updateTime != null" >
        #{updateTime,jdbcType=TIMESTAMP},
      </if>
    </trim>
  </insert>
  <update id="updateByPrimaryKeySelective" parameterType="com.third.pojo.Product_table" >
    update product_table
    <set >
      <if test="productName != null" >
        product_name = #{productName,jdbcType=VARCHAR},
      </if>
      <if test="providerId != null" >
        provider_id = #{providerId,jdbcType=INTEGER},
      </if>
      <if test="factoryName != null" >
        factory_name = #{factoryName,jdbcType=VARCHAR},
      </if>
      <if test="price != null" >
        price = #{price,jdbcType=INTEGER},
      </if>
      <if test="unit != null" >
        unit = #{unit,jdbcType=VARCHAR},
      </if>
      <if test="productNum != null" >
        product_num = #{productNum,jdbcType=INTEGER},
      </if>
      <if test="allprice != null" >
        allprice = #{allprice,jdbcType=INTEGER},
      </if>
      <if test="wareId != null" >
        ware_id = #{wareId,jdbcType=INTEGER},
      </if>
      <if test="createTime != null" >
        create_time = #{createTime,jdbcType=TIMESTAMP},
      </if>
      <if test="updateTime != null" >
        update_time = #{updateTime,jdbcType=TIMESTAMP},
      </if>
    </set>
    where product_id = #{productId,jdbcType=INTEGER}
  </update>
  <update id="updateByPrimaryKey" parameterType="com.third.pojo.Product_table" >
    update product_table
    set product_name = #{productName,jdbcType=VARCHAR},
      provider_id = #{providerId,jdbcType=INTEGER},
      factory_name = #{factoryName,jdbcType=VARCHAR},
      price = #{price,jdbcType=INTEGER},
      unit = #{unit,jdbcType=VARCHAR},
      product_num = #{productNum,jdbcType=INTEGER},
      allprice = #{allprice,jdbcType=INTEGER},
      ware_id = #{wareId,jdbcType=INTEGER},
      create_time = #{createTime,jdbcType=TIMESTAMP},
      update_time = #{updateTime,jdbcType=TIMESTAMP}
    where product_id = #{productId,jdbcType=INTEGER}
  </update>
</mapper>