<?xml version="1.0" encoding="UTF-8" ?>
<!DOCTYPE mapper PUBLIC "-//mybatis.org//DTD Mapper 3.0//EN" "http://mybatis.org/dtd/mybatis-3-mapper.dtd" >
<mapper namespace="com.third.dao.ProviderMapper" >
  <resultMap id="BaseResultMap" type="com.third.pojo.Provider" >
    <id column="provider_id" property="providerId" jdbcType="INTEGER" />
    <result column="provider_name" property="providerName" jdbcType="VARCHAR" />
    <result column="provider_person" property="providerPerson" jdbcType="VARCHAR" />
    <result column="provider_tel" property="providerTel" jdbcType="VARCHAR" />
    <result column="provider_site" property="providerSite" jdbcType="VARCHAR" />
    <result column="provider_date" property="providerDate" jdbcType="TIMESTAMP" />
    <result column="provider_year" property="providerYear" jdbcType="INTEGER" />
    <result column="provide_state" property="provideState" jdbcType="INTEGER" />
    <result column="provider_del" property="providerDel" jdbcType="INTEGER" />
    <result column="user_id" property="userId" jdbcType="INTEGER" />
  </resultMap>
  <sql id="Base_Column_List" >
    provider_id, provider_name, provider_person, provider_tel, provider_site, provider_date, 
    provider_year, provide_state, provider_del, user_id
  </sql>
  <select id="selectByPrimaryKey" resultMap="BaseResultMap" parameterType="java.lang.Integer" >
    select 
    <include refid="Base_Column_List" />
    from provider
    where provider_id = #{providerId,jdbcType=INTEGER}
  </select>
  <delete id="deleteByPrimaryKey" parameterType="java.lang.Integer" >
    delete from provider
    where provider_id = #{providerId,jdbcType=INTEGER}
  </delete>
  <insert id="insert" parameterType="com.third.pojo.Provider" >
    insert into provider (provider_id, provider_name, provider_person, 
      provider_tel, provider_site, provider_date, 
      provider_year, provide_state, provider_del, 
      user_id)
    values (#{providerId,jdbcType=INTEGER}, #{providerName,jdbcType=VARCHAR}, #{providerPerson,jdbcType=VARCHAR}, 
      #{providerTel,jdbcType=VARCHAR}, #{providerSite,jdbcType=VARCHAR}, #{providerDate,jdbcType=TIMESTAMP}, 
      #{providerYear,jdbcType=INTEGER}, #{provideState,jdbcType=INTEGER}, #{providerDel,jdbcType=INTEGER}, 
      #{userId,jdbcType=INTEGER})
  </insert>
  <insert id="insertSelective" parameterType="com.third.pojo.Provider" >
    insert into provider
    <trim prefix="(" suffix=")" suffixOverrides="," >
      <if test="providerId != null" >
        provider_id,
      </if>
      <if test="providerName != null" >
        provider_name,
      </if>
      <if test="providerPerson != null" >
        provider_person,
      </if>
      <if test="providerTel != null" >
        provider_tel,
      </if>
      <if test="providerSite != null" >
        provider_site,
      </if>
      <if test="providerDate != null" >
        provider_date,
      </if>
      <if test="providerYear != null" >
        provider_year,
      </if>
      <if test="provideState != null" >
        provide_state,
      </if>
      <if test="providerDel != null" >
        provider_del,
      </if>
      <if test="userId != null" >
        user_id,
      </if>
    </trim>
    <trim prefix="values (" suffix=")" suffixOverrides="," >
      <if test="providerId != null" >
        #{providerId,jdbcType=INTEGER},
      </if>
      <if test="providerName != null" >
        #{providerName,jdbcType=VARCHAR},
      </if>
      <if test="providerPerson != null" >
        #{providerPerson,jdbcType=VARCHAR},
      </if>
      <if test="providerTel != null" >
        #{providerTel,jdbcType=VARCHAR},
      </if>
      <if test="providerSite != null" >
        #{providerSite,jdbcType=VARCHAR},
      </if>
      <if test="providerDate != null" >
        #{providerDate,jdbcType=TIMESTAMP},
      </if>
      <if test="providerYear != null" >
        #{providerYear,jdbcType=INTEGER},
      </if>
      <if test="provideState != null" >
        #{provideState,jdbcType=INTEGER},
      </if>
      <if test="providerDel != null" >
        #{providerDel,jdbcType=INTEGER},
      </if>
      <if test="userId != null" >
        #{userId,jdbcType=INTEGER},
      </if>
    </trim>
  </insert>
  <update id="updateByPrimaryKeySelective" parameterType="com.third.pojo.Provider" >
    update provider
    <set >
      <if test="providerName != null" >
        provider_name = #{providerName,jdbcType=VARCHAR},
      </if>
      <if test="providerPerson != null" >
        provider_person = #{providerPerson,jdbcType=VARCHAR},
      </if>
      <if test="providerTel != null" >
        provider_tel = #{providerTel,jdbcType=VARCHAR},
      </if>
      <if test="providerSite != null" >
        provider_site = #{providerSite,jdbcType=VARCHAR},
      </if>
      <if test="providerDate != null" >
        provider_date = #{providerDate,jdbcType=TIMESTAMP},
      </if>
      <if test="providerYear != null" >
        provider_year = #{providerYear,jdbcType=INTEGER},
      </if>
      <if test="provideState != null" >
        provide_state = #{provideState,jdbcType=INTEGER},
      </if>
      <if test="providerDel != null" >
        provider_del = #{providerDel,jdbcType=INTEGER},
      </if>
      <if test="userId != null" >
        user_id = #{userId,jdbcType=INTEGER},
      </if>
    </set>
    where provider_id = #{providerId,jdbcType=INTEGER}
  </update>
  <update id="updateByPrimaryKey" parameterType="com.third.pojo.Provider" >
    update provider
    set provider_name = #{providerName,jdbcType=VARCHAR},
      provider_person = #{providerPerson,jdbcType=VARCHAR},
      provider_tel = #{providerTel,jdbcType=VARCHAR},
      provider_site = #{providerSite,jdbcType=VARCHAR},
      provider_date = #{providerDate,jdbcType=TIMESTAMP},
      provider_year = #{providerYear,jdbcType=INTEGER},
      provide_state = #{provideState,jdbcType=INTEGER},
      provider_del = #{providerDel,jdbcType=INTEGER},
      user_id = #{userId,jdbcType=INTEGER}
    where provider_id = #{providerId,jdbcType=INTEGER}
  </update>
</mapper>