<?xml version="1.0" encoding="UTF-8" ?>
<!DOCTYPE mapper PUBLIC "-//mybatis.org//DTD Mapper 3.0//EN" "http://mybatis.org/dtd/mybatis-3-mapper.dtd" >
<mapper namespace="com.third.dao.RoleMapper" >
  <resultMap id="BaseResultMap" type="com.third.pojo.Role" >
    <id column="role_id" property="roleId" jdbcType="INTEGER" />
    <result column="role_date" property="roleDate" jdbcType="TIMESTAMP" />
    <result column="role_name" property="roleName" jdbcType="VARCHAR" />
    <result column="remark" property="remark" jdbcType="VARCHAR" />
  </resultMap>
  <sql id="Base_Column_List" >
    role_id, role_date, role_name, remark
  </sql>
  <select id="selectByPrimaryKey" resultMap="BaseResultMap" parameterType="java.lang.Integer" >
    select 
    <include refid="Base_Column_List" />
    from role
    where role_id = #{roleId,jdbcType=INTEGER}
  </select>
  <delete id="deleteByPrimaryKey" parameterType="java.lang.Integer" >
    delete from role
    where role_id = #{roleId,jdbcType=INTEGER}
  </delete>
  <insert id="insert" parameterType="com.third.pojo.Role" >
    insert into role (role_id, role_date, role_name, 
      remark)
    values (#{roleId,jdbcType=INTEGER}, #{roleDate,jdbcType=TIMESTAMP}, #{roleName,jdbcType=VARCHAR}, 
      #{remark,jdbcType=VARCHAR})
  </insert>
  <insert id="insertSelective" parameterType="com.third.pojo.Role" >
    insert into role
    <trim prefix="(" suffix=")" suffixOverrides="," >
      <if test="roleId != null" >
        role_id,
      </if>
      <if test="roleDate != null" >
        role_date,
      </if>
      <if test="roleName != null" >
        role_name,
      </if>
      <if test="remark != null" >
        remark,
      </if>
    </trim>
    <trim prefix="values (" suffix=")" suffixOverrides="," >
      <if test="roleId != null" >
        #{roleId,jdbcType=INTEGER},
      </if>
      <if test="roleDate != null" >
        #{roleDate,jdbcType=TIMESTAMP},
      </if>
      <if test="roleName != null" >
        #{roleName,jdbcType=VARCHAR},
      </if>
      <if test="remark != null" >
        #{remark,jdbcType=VARCHAR},
      </if>
    </trim>
  </insert>
  <update id="updateByPrimaryKeySelective" parameterType="com.third.pojo.Role" >
    update role
    <set >
      <if test="roleDate != null" >
        role_date = #{roleDate,jdbcType=TIMESTAMP},
      </if>
      <if test="roleName != null" >
        role_name = #{roleName,jdbcType=VARCHAR},
      </if>
      <if test="remark != null" >
        remark = #{remark,jdbcType=VARCHAR},
      </if>
    </set>
    where role_id = #{roleId,jdbcType=INTEGER}
  </update>
  <update id="updateByPrimaryKey" parameterType="com.third.pojo.Role" >
    update role
    set role_date = #{roleDate,jdbcType=TIMESTAMP},
      role_name = #{roleName,jdbcType=VARCHAR},
      remark = #{remark,jdbcType=VARCHAR}
    where role_id = #{roleId,jdbcType=INTEGER}
  </update>
</mapper>