<?xml version="1.0" encoding="UTF-8" ?>
<!DOCTYPE mapper PUBLIC "-//mybatis.org//DTD Mapper 3.0//EN" "http://mybatis.org/dtd/mybatis-3-mapper.dtd" >
<mapper namespace="com.third.dao.UserRoleMapper" >
  <resultMap id="BaseResultMap" type="com.third.pojo.UserRole" >
    <result column="user_id" property="userId" jdbcType="INTEGER" />
    <result column="role_id" property="roleId" jdbcType="INTEGER" />
  </resultMap>
  <insert id="insert" parameterType="com.third.pojo.UserRole" >
    insert into user_role (user_id, role_id)
    values (#{userId,jdbcType=INTEGER}, #{roleId,jdbcType=INTEGER})
  </insert>
  <insert id="insertSelective" parameterType="com.third.pojo.UserRole" >
    insert into user_role
    <trim prefix="(" suffix=")" suffixOverrides="," >
      <if test="userId != null" >
        user_id,
      </if>
      <if test="roleId != null" >
        role_id,
      </if>
    </trim>
    <trim prefix="values (" suffix=")" suffixOverrides="," >
      <if test="userId != null" >
        #{userId,jdbcType=INTEGER},
      </if>
      <if test="roleId != null" >
        #{roleId,jdbcType=INTEGER},
      </if>
    </trim>
  </insert>
</mapper>