<?xml version="1.0" encoding="UTF-8" ?>
<!DOCTYPE mapper PUBLIC "-//mybatis.org//DTD Mapper 3.0//EN" "http://mybatis.org/dtd/mybatis-3-mapper.dtd" >
<mapper namespace="com.third.dao.UserMapper" >
  <resultMap id="BaseResultMap" type="com.third.pojo.User" >
    <id column="user_id" property="userId" jdbcType="INTEGER" />
    <result column="user_name" property="userName" jdbcType="VARCHAR" />
    <result column="user_tel" property="userTel" jdbcType="VARCHAR" />
    <result column="user_sex" property="userSex" jdbcType="VARCHAR" />
    <result column="user_account" property="userAccount" jdbcType="VARCHAR" />
    <result column="user_password" property="userPassword" jdbcType="INTEGER" />
    <result column="user_state" property="userState" jdbcType="INTEGER" />
    <result column="user_del" property="userDel" jdbcType="INTEGER" />
  </resultMap>
  <sql id="Base_Column_List" >
    user_id, user_name, user_tel, user_sex, user_account, user_password, user_state, 
    user_del
  </sql>
  <select id="selectByPrimaryKey" resultMap="BaseResultMap" parameterType="java.lang.Integer" >
    select 
    <include refid="Base_Column_List" />
    from user
    where user_id = #{userId,jdbcType=INTEGER}
  </select>
  <delete id="deleteByPrimaryKey" parameterType="java.lang.Integer" >
    delete from user
    where user_id = #{userId,jdbcType=INTEGER}
  </delete>
  <insert id="insert" parameterType="com.third.pojo.User" >
    insert into user (user_id, user_name, user_tel, 
      user_sex, user_account, user_password, 
      user_state, user_del)
    values (#{userId,jdbcType=INTEGER}, #{userName,jdbcType=VARCHAR}, #{userTel,jdbcType=VARCHAR}, 
      #{userSex,jdbcType=VARCHAR}, #{userAccount,jdbcType=VARCHAR}, #{userPassword,jdbcType=INTEGER}, 
      #{userState,jdbcType=INTEGER}, #{userDel,jdbcType=INTEGER})
  </insert>
  <insert id="insertSelective" parameterType="com.third.pojo.User" >
    insert into user
    <trim prefix="(" suffix=")" suffixOverrides="," >
      <if test="userId != null" >
        user_id,
      </if>
      <if test="userName != null" >
        user_name,
      </if>
      <if test="userTel != null" >
        user_tel,
      </if>
      <if test="userSex != null" >
        user_sex,
      </if>
      <if test="userAccount != null" >
        user_account,
      </if>
      <if test="userPassword != null" >
        user_password,
      </if>
      <if test="userState != null" >
        user_state,
      </if>
      <if test="userDel != null" >
        user_del,
      </if>
    </trim>
    <trim prefix="values (" suffix=")" suffixOverrides="," >
      <if test="userId != null" >
        #{userId,jdbcType=INTEGER},
      </if>
      <if test="userName != null" >
        #{userName,jdbcType=VARCHAR},
      </if>
      <if test="userTel != null" >
        #{userTel,jdbcType=VARCHAR},
      </if>
      <if test="userSex != null" >
        #{userSex,jdbcType=VARCHAR},
      </if>
      <if test="userAccount != null" >
        #{userAccount,jdbcType=VARCHAR},
      </if>
      <if test="userPassword != null" >
        #{userPassword,jdbcType=INTEGER},
      </if>
      <if test="userState != null" >
        #{userState,jdbcType=INTEGER},
      </if>
      <if test="userDel != null" >
        #{userDel,jdbcType=INTEGER},
      </if>
    </trim>
  </insert>
  <update id="updateByPrimaryKeySelective" parameterType="com.third.pojo.User" >
    update user
    <set >
      <if test="userName != null" >
        user_name = #{userName,jdbcType=VARCHAR},
      </if>
      <if test="userTel != null" >
        user_tel = #{userTel,jdbcType=VARCHAR},
      </if>
      <if test="userSex != null" >
        user_sex = #{userSex,jdbcType=VARCHAR},
      </if>
      <if test="userAccount != null" >
        user_account = #{userAccount,jdbcType=VARCHAR},
      </if>
      <if test="userPassword != null" >
        user_password = #{userPassword,jdbcType=INTEGER},
      </if>
      <if test="userState != null" >
        user_state = #{userState,jdbcType=INTEGER},
      </if>
      <if test="userDel != null" >
        user_del = #{userDel,jdbcType=INTEGER},
      </if>
    </set>
    where user_id = #{userId,jdbcType=INTEGER}
  </update>
  <update id="updateByPrimaryKey" parameterType="com.third.pojo.User" >
    update user
    set user_name = #{userName,jdbcType=VARCHAR},
      user_tel = #{userTel,jdbcType=VARCHAR},
      user_sex = #{userSex,jdbcType=VARCHAR},
      user_account = #{userAccount,jdbcType=VARCHAR},
      user_password = #{userPassword,jdbcType=INTEGER},
      user_state = #{userState,jdbcType=INTEGER},
      user_del = #{userDel,jdbcType=INTEGER}
    where user_id = #{userId,jdbcType=INTEGER}
  </update>
</mapper>