<?xml version="1.0" encoding="UTF-8" ?>
<!DOCTYPE mapper PUBLIC "-//mybatis.org//DTD Mapper 3.0//EN" "http://mybatis.org/dtd/mybatis-3-mapper.dtd" >
<mapper namespace="com.third.dao.WareMapper" >
  <resultMap id="BaseResultMap" type="com.third.pojo.Ware" >
    <id column="ware_id" property="wareId" jdbcType="INTEGER" />
    <result column="user_id" property="userId" jdbcType="INTEGER" />
    <result column="ware_name" property="wareName" jdbcType="VARCHAR" />
    <result column="ware_type" property="wareType" jdbcType="VARCHAR" />
    <result column="ware_num" property="wareNum" jdbcType="INTEGER" />
    <result column="ware_num_max" property="wareNumMax" jdbcType="INTEGER" />
    <result column="ware_state" property="wareState" jdbcType="INTEGER" />
    <result column="ware_del" property="wareDel" jdbcType="INTEGER" />
  </resultMap>
  <sql id="Base_Column_List" >
    ware_id, user_id, ware_name, ware_type, ware_num, ware_num_max, ware_state, ware_del
  </sql>
  <select id="selectByPrimaryKey" resultMap="BaseResultMap" parameterType="java.lang.Integer" >
    select 
    <include refid="Base_Column_List" />
    from ware
    where ware_id = #{wareId,jdbcType=INTEGER}
  </select>
  <delete id="deleteByPrimaryKey" parameterType="java.lang.Integer" >
    delete from ware
    where ware_id = #{wareId,jdbcType=INTEGER}
  </delete>
  <insert id="insert" parameterType="com.third.pojo.Ware" >
    insert into ware (ware_id, user_id, ware_name, 
      ware_type, ware_num, ware_num_max, 
      ware_state, ware_del)
    values (#{wareId,jdbcType=INTEGER}, #{userId,jdbcType=INTEGER}, #{wareName,jdbcType=VARCHAR}, 
      #{wareType,jdbcType=VARCHAR}, #{wareNum,jdbcType=INTEGER}, #{wareNumMax,jdbcType=INTEGER}, 
      #{wareState,jdbcType=INTEGER}, #{wareDel,jdbcType=INTEGER})
  </insert>
  <insert id="insertSelective" parameterType="com.third.pojo.Ware" >
    insert into ware
    <trim prefix="(" suffix=")" suffixOverrides="," >
      <if test="wareId != null" >
        ware_id,
      </if>
      <if test="userId != null" >
        user_id,
      </if>
      <if test="wareName != null" >
        ware_name,
      </if>
      <if test="wareType != null" >
        ware_type,
      </if>
      <if test="wareNum != null" >
        ware_num,
      </if>
      <if test="wareNumMax != null" >
        ware_num_max,
      </if>
      <if test="wareState != null" >
        ware_state,
      </if>
      <if test="wareDel != null" >
        ware_del,
      </if>
    </trim>
    <trim prefix="values (" suffix=")" suffixOverrides="," >
      <if test="wareId != null" >
        #{wareId,jdbcType=INTEGER},
      </if>
      <if test="userId != null" >
        #{userId,jdbcType=INTEGER},
      </if>
      <if test="wareName != null" >
        #{wareName,jdbcType=VARCHAR},
      </if>
      <if test="wareType != null" >
        #{wareType,jdbcType=VARCHAR},
      </if>
      <if test="wareNum != null" >
        #{wareNum,jdbcType=INTEGER},
      </if>
      <if test="wareNumMax != null" >
        #{wareNumMax,jdbcType=INTEGER},
      </if>
      <if test="wareState != null" >
        #{wareState,jdbcType=INTEGER},
      </if>
      <if test="wareDel != null" >
        #{wareDel,jdbcType=INTEGER},
      </if>
    </trim>
  </insert>
  <update id="updateByPrimaryKeySelective" parameterType="com.third.pojo.Ware" >
    update ware
    <set >
      <if test="userId != null" >
        user_id = #{userId,jdbcType=INTEGER},
      </if>
      <if test="wareName != null" >
        ware_name = #{wareName,jdbcType=VARCHAR},
      </if>
      <if test="wareType != null" >
        ware_type = #{wareType,jdbcType=VARCHAR},
      </if>
      <if test="wareNum != null" >
        ware_num = #{wareNum,jdbcType=INTEGER},
      </if>
      <if test="wareNumMax != null" >
        ware_num_max = #{wareNumMax,jdbcType=INTEGER},
      </if>
      <if test="wareState != null" >
        ware_state = #{wareState,jdbcType=INTEGER},
      </if>
      <if test="wareDel != null" >
        ware_del = #{wareDel,jdbcType=INTEGER},
      </if>
    </set>
    where ware_id = #{wareId,jdbcType=INTEGER}
  </update>
  <update id="updateByPrimaryKey" parameterType="com.third.pojo.Ware" >
    update ware
    set user_id = #{userId,jdbcType=INTEGER},
      ware_name = #{wareName,jdbcType=VARCHAR},
      ware_type = #{wareType,jdbcType=VARCHAR},
      ware_num = #{wareNum,jdbcType=INTEGER},
      ware_num_max = #{wareNumMax,jdbcType=INTEGER},
      ware_state = #{wareState,jdbcType=INTEGER},
      ware_del = #{wareDel,jdbcType=INTEGER}
    where ware_id = #{wareId,jdbcType=INTEGER}
  </update>
</mapper>